{"cameraMode":{"drawMode":0,"name":"Shaded","section":"Shading Mode"},"sceneLighting":true,"audioPlay":false,"sceneViewState":{"m_AlwaysRefresh":false,"showFog":true,"showSkybox":true,"showFlares":true,"showImageEffects":true,"showParticleSystems":true,"showVisualEffectGraphs":true,"m_FxEnabled":true},"in2DMode":false,"pivot":{"x":17.099000930786134,"y":0.8700000047683716,"z":6.868000030517578},"rotation":{"x":-0.06300800293684006,"y":0.090291827917099,"z":-0.005728371907025576,"w":-0.9939111471176148},"size":0.8660253882408142,"orthographic":false}